Date Time,WaterFlow,,,
10/23/15 1:00 AM,18.8107911306048,,,
10/23/15 2:00 AM,43.0870254069553,,,
10/23/15 3:00 AM,37.9877048120624,,,
10/23/15 4:00 AM,36.1203788547927,,,
10/23/15 5:00 AM,31.8512588121728,,,
10/23/15 6:00 AM,28.2380898484204,,,
10/23/15 7:00 AM,9.86358204782217,,,
10/23/15 8:00 AM,26.6796102690356,,,
10/23/15 9:00 AM,55.7737851425874,,,
10/23/15 10:00 AM,54.1568888925647,,,
10/23/15 11:00 AM,68.3749035614854,,,
10/23/15 12:00 PM,55.7103589621282,,,
10/23/15 1:00 PM,56.9682604085198,,,
10/23/15 2:00 PM,17.2062764421727,,,
10/23/15 3:00 PM,35.093274704613,,,
10/23/15 4:00 PM,44.4249283783692,,,
10/23/15 5:00 PM,57.3224077338374,,,
10/23/15 6:00 PM,37.34492447894,,,
10/23/15 7:00 PM,11.4830113090835,,,
10/23/15 8:00 PM,32.1179400431108,,,
10/23/15 9:00 PM,49.0818610470547,,,
10/23/15 10:00 PM,49.1335462668685,,,
10/23/15 11:00 PM,42.0646479797992,,,
10/24/15 12:00 AM,58.3800265948764,,,
10/24/15 1:00 AM,53.4080307277304,,,
10/24/15 2:00 AM,42.3327749773329,,,
10/24/15 3:00 AM,45.9221895334246,,,
10/24/15 4:00 AM,32.7412153515049,,,
10/24/15 5:00 AM,47.879251460422,,,
10/24/15 6:00 AM,47.4605157757848,,,
10/24/15 7:00 AM,52.264966258091,,,
10/24/15 8:00 AM,35.3895820342537,,,
10/24/15 9:00 AM,14.4355779267029,,,
10/24/15 10:00 AM,45.0381785017649,,,
10/24/15 11:00 AM,38.8965917500715,,,
10/24/15 12:00 PM,39.9918332133935,,,
10/24/15 1:00 PM,56.8835945404626,,,
10/24/15 2:00 PM,62.7286600563378,,,
10/24/15 3:00 PM,67.3824840819049,,,
10/24/15 4:00 PM,29.6451082824889,,,
10/24/15 5:00 PM,51.5866679441495,,,
10/24/15 6:00 PM,61.9871033676452,,,
10/24/15 7:00 PM,46.3945714866456,,,
10/24/15 8:00 PM,32.8386734571714,,,
10/24/15 9:00 PM,53.4165536521036,,,
10/24/15 10:00 PM,70.7236767241324,,,
10/24/15 11:00 PM,21.5708472922081,,,
10/25/15 12:00 AM,66.7621075337656,,,
10/25/15 1:00 AM,36.3221233186221,,,
10/25/15 2:00 AM,45.1143414502586,,,
10/25/15 3:00 AM,53.4735623305909,,,
10/25/15 4:00 AM,27.2093410383882,,,
10/25/15 5:00 AM,44.1937032698024,,,
10/25/15 6:00 AM,59.2969098874542,,,
10/25/15 7:00 AM,42.2534961772837,,,
10/25/15 8:00 AM,44.7479702362686,,,
10/25/15 9:00 AM,50.18250215124,,,
10/25/15 10:00 AM,32.3033804007747,,,
10/25/15 11:00 AM,44.4136971492154,,,
10/25/15 12:00 PM,42.8445561983563,,,
10/25/15 1:00 PM,56.2826276496161,,,
10/25/15 2:00 PM,54.9369576338871,,,
10/25/15 3:00 PM,20.406510445547,,,
10/25/15 4:00 PM,60.9544590400201,,,
10/25/15 5:00 PM,55.8117668256164,,,
10/25/15 6:00 PM,68.0080116822761,,,
10/25/15 7:00 PM,20.9647544203345,,,
10/25/15 8:00 PM,50.1122916953381,,,
10/25/15 9:00 PM,24.1728084230277,,,
10/25/15 10:00 PM,17.1315998659404,,,
10/25/15 11:00 PM,41.9383104912734,,,
10/26/15 12:00 AM,70.3766355579784,,,
10/26/15 1:00 AM,34.3876165724115,,,
10/26/15 2:00 AM,30.3776626578073,,,
10/26/15 3:00 AM,41.5671922141739,,,
10/26/15 4:00 AM,72.1728809246304,,,
10/26/15 5:00 AM,45.7457288766219,,,
10/26/15 6:00 AM,42.2941457829449,,,
10/26/15 7:00 AM,28.883164364411,,,
10/26/15 8:00 AM,55.506565774818,,,
10/26/15 9:00 AM,19.2285991620416,,,
10/26/15 10:00 AM,39.4549127824919,,,
10/26/15 11:00 AM,28.5218482950503,,,
10/26/15 12:00 PM,22.6146149459492,,,
10/26/15 1:00 PM,8.51321447809377,,,
10/26/15 2:00 PM,38.2283650755002,,,
10/26/15 3:00 PM,23.3881716933076,,,
10/26/15 4:00 PM,59.5463346044712,,,
10/26/15 5:00 PM,20.3427392659396,,,
10/26/15 6:00 PM,40.198573049567,,,
10/26/15 7:00 PM,42.6364293434175,,,
10/26/15 8:00 PM,40.2505842322948,,,
10/26/15 9:00 PM,33.6035639496068,,,
10/26/15 10:00 PM,33.9211646482809,,,
10/26/15 11:00 PM,6.57483830994985,,,
10/27/15 12:00 AM,68.4513840164839,,,
10/27/15 1:00 AM,14.7222225421057,,,
10/27/15 2:00 AM,40.8852008149224,,,
10/27/15 3:00 AM,37.4322318573202,,,
10/27/15 4:00 AM,22.4499027003728,,,
10/27/15 5:00 AM,49.8134605186731,,,
10/27/15 6:00 AM,38.9305678145486,,,
10/27/15 7:00 AM,22.18358092271,,,
10/27/15 8:00 AM,17.1563852291055,,,
10/27/15 9:00 AM,55.6838143678029,,,
10/27/15 10:00 AM,4.68163026400775,,,
10/27/15 11:00 AM,30.9989191754293,,,
10/27/15 12:00 PM,11.1368415628707,,,
10/27/15 1:00 PM,30.6509869384272,,,
10/27/15 2:00 PM,56.6880979475045,,,
10/27/15 3:00 PM,32.4454918493828,,,
10/27/15 4:00 PM,41.2424051322064,,,
10/27/15 5:00 PM,44.3807487433607,,,
10/27/15 6:00 PM,55.3433726468061,,,
10/27/15 7:00 PM,14.1753749013445,,,
10/27/15 8:00 PM,51.6360558704775,,,
10/27/15 9:00 PM,49.0387384259574,,,
10/27/15 10:00 PM,33.5154778178854,,,
10/27/15 11:00 PM,35.4799436292589,,,
10/28/15 12:00 AM,54.7536570085496,,,
10/28/15 1:00 AM,42.3081399668902,,,
10/28/15 2:00 AM,30.6504482428022,,,
10/28/15 3:00 AM,38.9513525883038,,,
10/28/15 4:00 AM,23.3305165092898,,,
10/28/15 5:00 AM,26.1307158233183,,,
10/28/15 6:00 AM,68.1841025294963,,,
10/28/15 7:00 AM,17.8910493667886,,,
10/28/15 8:00 AM,7.68994514534498,,,
10/28/15 9:00 AM,34.4797950660729,,,
10/28/15 10:00 AM,5.76853456456467,,,
10/28/15 11:00 AM,55.9961558318107,,,
10/28/15 12:00 PM,52.1562617427121,,,
10/28/15 1:00 PM,48.2765261938352,,,
10/28/15 2:00 PM,29.0686774956237,,,
10/28/15 3:00 PM,51.0558285097337,,,
10/28/15 4:00 PM,50.1429032264961,,,
10/28/15 5:00 PM,35.6997147549297,,,
10/28/15 6:00 PM,41.0091397938211,,,
10/28/15 7:00 PM,70.1264463554825,,,
10/28/15 8:00 PM,22.2254323070691,,,
10/28/15 9:00 PM,54.6596464729262,,,
10/28/15 10:00 PM,50.4677699551733,,,
10/28/15 11:00 PM,35.3077836712644,,,
10/29/15 12:00 AM,44.0723116258841,,,
10/29/15 1:00 AM,36.4335731309157,,,
10/29/15 2:00 AM,65.1749897468249,,,
10/29/15 3:00 AM,39.0272323960973,,,
10/29/15 4:00 AM,21.8824841361545,,,
10/29/15 5:00 AM,16.4757238144225,,,
10/29/15 6:00 AM,29.7370784020292,,,
10/29/15 7:00 AM,44.6779871162162,,,
10/29/15 8:00 AM,9.72652822116152,,,
10/29/15 9:00 AM,32.2528342257677,,,
10/29/15 10:00 AM,36.4637064279127,,,
10/29/15 11:00 AM,18.5705840860026,,,
10/29/15 12:00 PM,47.1791970591209,,,
10/29/15 1:00 PM,16.8143994497247,,,
10/29/15 2:00 PM,21.4115349110125,,,
10/29/15 3:00 PM,78.3032078928187,,,
10/29/15 4:00 PM,37.8090868768154,,,
10/29/15 5:00 PM,46.1438526037277,,,
10/29/15 6:00 PM,58.5755614838203,,,
10/29/15 7:00 PM,10.6685172332562,,,
10/29/15 8:00 PM,40.423675810924,,,
10/29/15 9:00 PM,42.6326544134764,,,
10/29/15 10:00 PM,17.0240365187838,,,
10/29/15 11:00 PM,38.2888252542122,,,
10/30/15 12:00 AM,61.9359559866396,,,
10/30/15 1:00 AM,16.2676854537582,,,
10/30/15 2:00 AM,50.4543364646931,,,
10/30/15 3:00 AM,64.3033023112364,,,
10/30/15 4:00 AM,36.8598298230607,,,
10/30/15 5:00 AM,19.0456952801366,,,
10/30/15 6:00 AM,51.2067813950481,,,
10/30/15 7:00 AM,43.1574753804064,,,
10/30/15 8:00 AM,66.5335046012643,,,
10/30/15 9:00 AM,46.4074878695591,,,
10/30/15 10:00 AM,31.5936221766555,,,
10/30/15 11:00 AM,32.8801553299712,,,
10/30/15 12:00 PM,32.3305950072131,,,
10/30/15 1:00 PM,44.1015678218721,,,
10/30/15 2:00 PM,30.9982322877505,,,
10/30/15 3:00 PM,69.5758301364004,,,
10/30/15 4:00 PM,28.6568345482605,,,
10/30/15 5:00 PM,40.3473593990903,,,
10/30/15 6:00 PM,73.7699080959159,,,
10/30/15 7:00 PM,30.7118240606529,,,
10/30/15 8:00 PM,39.9003455562188,,,
10/30/15 9:00 PM,41.3962532946288,,,
10/30/15 10:00 PM,14.918891316329,,,
10/30/15 11:00 PM,48.4766834417908,,,
10/31/15 12:00 AM,54.8048606973203,,,
10/31/15 1:00 AM,74.8416543572864,,,
10/31/15 2:00 AM,31.5815312622255,,,
10/31/15 3:00 AM,60.2881923897641,,,
10/31/15 4:00 AM,22.568788211023,,,
10/31/15 5:00 AM,42.8006949080429,,,
10/31/15 6:00 AM,41.3092058483895,,,
10/31/15 7:00 AM,14.6572488387423,,,
10/31/15 8:00 AM,35.2997567134347,,,
10/31/15 9:00 AM,23.2380574081255,,,
10/31/15 10:00 AM,36.34436395451,,,
10/31/15 11:00 AM,34.0886939771189,,,
10/31/15 12:00 PM,41.4917564423752,,,
10/31/15 1:00 PM,42.3078210447751,,,
10/31/15 2:00 PM,46.5136186749011,,,
10/31/15 3:00 PM,59.1692146795724,,,
10/31/15 4:00 PM,49.5147788937931,,,
10/31/15 5:00 PM,9.83571495676216,,,
10/31/15 6:00 PM,30.3808949991949,,,
10/31/15 7:00 PM,40.0759665698079,,,
10/31/15 8:00 PM,53.0751519982647,,,
10/31/15 9:00 PM,26.5815098674169,,,
10/31/15 10:00 PM,37.9634271873586,,,
10/31/15 11:00 PM,67.0988040898919,,,
11/1/15 12:00 AM,9.54125486826834,,,
11/1/15 1:00 AM,50.5603274226318,,,
11/1/15 2:00 AM,48.6755294433888,,,
11/1/15 3:00 AM,50.7907769629806,,,
11/1/15 4:00 AM,39.6478400426295,,,
11/1/15 5:00 AM,71.5947232421262,,,
11/1/15 6:00 AM,45.6429046204532,,,
11/1/15 7:00 AM,22.4037478791171,,,
11/1/15 8:00 AM,42.5833136120726,,,
11/1/15 9:00 AM,48.9738029627005,,,
11/1/15 10:00 AM,36.3918138916158,,,
11/1/15 11:00 AM,39.4513002379614,,,
11/1/15 12:00 PM,48.231945233287,,,
11/1/15 1:00 PM,23.2387328964157,,,
11/1/15 2:00 PM,29.1037010000155,,,
11/1/15 3:00 PM,24.89049514555,,,
11/1/15 4:00 PM,39.501752572902,,,
11/1/15 5:00 PM,3.55389143437183,,,
11/1/15 6:00 PM,41.1885991790476,,,
11/1/15 7:00 PM,41.3033527651732,,,
11/1/15 8:00 PM,17.8586295237688,,,
11/1/15 9:00 PM,28.3829949295868,,,
11/1/15 10:00 PM,51.6968458491526,,,
11/1/15 11:00 PM,60.225725359836,,,
11/2/15 12:00 AM,18.7100740849768,,,
11/2/15 1:00 AM,69.6774034400374,,,
11/2/15 2:00 AM,70.64375600066,,,
11/2/15 3:00 AM,32.1307002245958,,,
11/2/15 4:00 AM,43.2864882421454,,,
11/2/15 5:00 AM,46.5191096226332,,,
11/2/15 6:00 AM,49.4187877516248,,,
11/2/15 7:00 AM,22.6031331723865,,,
11/2/15 8:00 AM,17.2040390886102,,,
11/2/15 9:00 AM,36.0988410880796,,,
11/2/15 10:00 AM,37.4260394373971,,,
11/2/15 11:00 AM,68.9582583966907,,,
11/2/15 12:00 PM,56.3553004293705,,,
11/2/15 1:00 PM,27.42182637139,,,
11/2/15 2:00 PM,21.9770125989085,,,
11/2/15 3:00 PM,31.6500117677501,,,
11/2/15 4:00 PM,19.1037253028791,,,
11/2/15 5:00 PM,40.573976304749,,,
11/2/15 6:00 PM,34.1393652101262,,,
11/2/15 7:00 PM,31.6041462525504,,,
11/2/15 8:00 PM,53.4551623015147,,,
11/2/15 9:00 PM,50.9328620365324,,,
11/2/15 10:00 PM,21.382117521707,,,
11/2/15 11:00 PM,28.7079910748542,,,
11/3/15 12:00 AM,28.2661189896148,,,
11/3/15 1:00 AM,56.6430248947149,,,
11/3/15 2:00 AM,65.491297304053,,,
11/3/15 3:00 AM,45.2648998086883,,,
11/3/15 4:00 AM,32.0832259240906,,,
11/3/15 5:00 AM,20.0349403838487,,,
11/3/15 6:00 AM,59.3611311752797,,,
11/3/15 7:00 AM,63.0628530682728,,,
11/3/15 8:00 AM,36.3110237412327,,,
11/3/15 9:00 AM,28.786015849007,,,
11/3/15 10:00 AM,41.5294674085475,,,
11/3/15 11:00 AM,15.9119460138098,,,
11/3/15 12:00 PM,50.8596851504749,,,
11/3/15 1:00 PM,43.0053990965052,,,
11/3/15 2:00 PM,34.6509628674629,,,
11/3/15 3:00 PM,53.4909761821539,,,
11/3/15 4:00 PM,30.670294858038,,,
11/3/15 5:00 PM,11.9159512095413,,,
11/3/15 6:00 PM,24.7225164721785,,,
11/3/15 7:00 PM,38.9362182047118,,,
11/3/15 8:00 PM,35.4504779043098,,,
11/3/15 9:00 PM,45.9702575334683,,,
11/3/15 10:00 PM,56.4072558258738,,,
11/3/15 11:00 PM,49.5548715685327,,,
11/4/15 12:00 AM,48.3581818409476,,,
11/4/15 1:00 AM,16.8161637286534,,,
11/4/15 2:00 AM,19.0848414144532,,,
11/4/15 3:00 AM,49.9447278516841,,,
11/4/15 4:00 AM,21.6178853984551,,,
11/4/15 5:00 AM,26.9815394903677,,,
11/4/15 6:00 AM,51.754010468298,,,
11/4/15 7:00 AM,35.7291604564426,,,
11/4/15 8:00 AM,71.2737321938701,,,
11/4/15 9:00 AM,28.4185812694856,,,
11/4/15 10:00 AM,16.9646913008759,,,
11/4/15 11:00 AM,47.8929482730574,,,
11/4/15 12:00 PM,50.2571813724285,,,
11/4/15 1:00 PM,48.5954300363602,,,
11/4/15 2:00 PM,49.9963592969303,,,
11/4/15 3:00 PM,48.9201103887564,,,
11/4/15 4:00 PM,68.161543083252,,,
11/4/15 5:00 PM,30.5297797522653,,,
11/4/15 6:00 PM,55.6944534434138,,,
11/4/15 7:00 PM,47.145237683945,,,
11/4/15 8:00 PM,50.7788574491641,,,
11/4/15 9:00 PM,47.6585713638824,,,
11/4/15 10:00 PM,26.3310983209607,,,
11/4/15 11:00 PM,67.7610910123646,,,
11/5/15 12:00 AM,51.0851537726065,,,
11/5/15 1:00 AM,41.1179563473101,,,
11/5/15 2:00 AM,9.06880032776298,,,
11/5/15 3:00 AM,61.2600116092251,,,
11/5/15 4:00 AM,20.3847670986807,,,
11/5/15 5:00 AM,23.3715576429769,,,
11/5/15 6:00 AM,54.1307207015861,,,
11/5/15 7:00 AM,47.173421759969,,,
11/5/15 8:00 AM,17.3304795814169,,,
11/5/15 9:00 AM,27.9009965116087,,,
11/5/15 10:00 AM,60.6939282449819,,,
11/5/15 11:00 AM,55.7504390453861,,,
11/5/15 12:00 PM,31.9807287856759,,,
11/5/15 1:00 PM,46.0268146881271,,,
11/5/15 2:00 PM,51.4867205249012,,,
11/5/15 3:00 PM,35.0838817945355,,,
11/5/15 4:00 PM,29.2227305862736,,,
11/5/15 5:00 PM,38.0545765695344,,,
11/5/15 6:00 PM,32.8034609501689,,,
11/5/15 7:00 PM,34.5906512347075,,,
11/5/15 8:00 PM,7.04145491054452,,,
11/5/15 9:00 PM,43.8794864014519,,,
11/5/15 10:00 PM,54.2600745019067,,,
11/5/15 11:00 PM,49.6079982894845,,,
11/6/15 12:00 AM,51.1668430218388,,,
11/6/15 1:00 AM,60.3322611228759,,,
11/6/15 2:00 AM,54.0006147092452,,,
11/6/15 3:00 AM,48.4029526422969,,,
11/6/15 4:00 AM,71.2939964141649,,,
11/6/15 5:00 AM,25.8643767975606,,,
11/6/15 6:00 AM,43.5349844677717,,,
11/6/15 7:00 AM,10.2947540185666,,,
11/6/15 8:00 AM,27.2115518120033,,,
11/6/15 9:00 AM,68.7711795631565,,,
11/6/15 10:00 AM,40.635575416509,,,
11/6/15 11:00 AM,48.5472792976157,,,
11/6/15 12:00 PM,51.2116951090256,,,
11/6/15 1:00 PM,62.3231314949068,,,
11/6/15 2:00 PM,36.0422046964929,,,
11/6/15 3:00 PM,65.867424606686,,,
11/6/15 4:00 PM,43.0912574114077,,,
11/6/15 5:00 PM,49.9992828862458,,,
11/6/15 6:00 PM,42.7532440768675,,,
11/6/15 7:00 PM,43.2803023601071,,,
11/6/15 8:00 PM,12.2151424914073,,,
11/6/15 9:00 PM,30.7909495836267,,,
11/6/15 10:00 PM,43.1462644168327,,,
11/6/15 11:00 PM,24.8629620640314,,,
11/7/15 12:00 AM,60.419541027239,,,
11/7/15 1:00 AM,2.82919082813022,,,
11/7/15 2:00 AM,41.3585911297613,,,
11/7/15 3:00 AM,32.5180249493719,,,
11/7/15 4:00 AM,32.9362464135424,,,
11/7/15 5:00 AM,53.9036923003447,,,
11/7/15 6:00 AM,54.3492401296671,,,
11/7/15 7:00 AM,48.6673384982738,,,
11/7/15 8:00 AM,43.6972459192695,,,
11/7/15 9:00 AM,64.3910185216165,,,
11/7/15 10:00 AM,54.6425662024962,,,
11/7/15 11:00 AM,31.5797948112164,,,
11/7/15 12:00 PM,10.6977920929493,,,
11/7/15 1:00 PM,69.4083036574096,,,
11/7/15 2:00 PM,57.73922765061,,,
11/7/15 3:00 PM,54.0430362679335,,,
11/7/15 4:00 PM,21.3781064642309,,,
11/7/15 5:00 PM,68.5572460793731,,,
11/7/15 6:00 PM,49.9902552967759,,,
11/7/15 7:00 PM,60.8708520298928,,,
11/7/15 8:00 PM,15.2311936834135,,,
11/7/15 9:00 PM,35.271871964498,,,
11/7/15 10:00 PM,47.8347242930679,,,
11/7/15 11:00 PM,39.0425885462295,,,
11/8/15 12:00 AM,31.2825426547863,,,
11/8/15 1:00 AM,34.3186458000377,,,
11/8/15 2:00 AM,45.6957371924714,,,
11/8/15 3:00 AM,34.7617240784441,,,
11/8/15 4:00 AM,41.3242820615712,,,
11/8/15 5:00 AM,22.8155847542569,,,
11/8/15 6:00 AM,63.250742152479,,,
11/8/15 7:00 AM,13.839851662697,,,
11/8/15 8:00 AM,46.0062830292313,,,
11/8/15 9:00 AM,44.4937332263064,,,
11/8/15 10:00 AM,63.3784008525145,,,
11/8/15 11:00 AM,42.8176286069203,,,
11/8/15 12:00 PM,45.072081457417,,,
11/8/15 1:00 PM,46.0401367551701,,,
11/8/15 2:00 PM,11.5733400842798,,,
11/8/15 3:00 PM,39.9227302863412,,,
11/8/15 4:00 PM,40.1533384681837,,,
11/8/15 5:00 PM,63.0372539712892,,,
11/8/15 6:00 PM,48.7767098778954,,,
11/8/15 7:00 PM,53.3069461076941,,,
11/8/15 8:00 PM,41.4842111646002,,,
11/8/15 9:00 PM,45.3487020054086,,,
11/8/15 10:00 PM,54.9694662133253,,,
11/8/15 11:00 PM,47.5950720000924,,,
11/9/15 12:00 AM,40.5916187401338,,,
11/9/15 1:00 AM,43.3636191142293,,,
11/9/15 2:00 AM,65.7891528085237,,,
11/9/15 3:00 AM,29.0121784741223,,,
11/9/15 4:00 AM,38.9448443196303,,,
11/9/15 5:00 AM,26.3495752214053,,,
11/9/15 6:00 AM,33.6385003380815,,,
11/9/15 7:00 AM,8.5246805309308,,,
11/9/15 8:00 AM,7.04751705706071,,,
11/9/15 9:00 AM,71.8647782264772,,,
11/9/15 10:00 AM,33.7751948604787,,,
11/9/15 11:00 AM,34.5244801298626,,,
11/9/15 12:00 PM,13.2779698859097,,,
11/9/15 1:00 PM,20.9514752872639,,,
11/9/15 2:00 PM,42.715256116724,,,
11/9/15 3:00 PM,51.1011630406598,,,
11/9/15 4:00 PM,8.71818219360219,,,
11/9/15 5:00 PM,23.8843109412894,,,
11/9/15 6:00 PM,44.2086316448328,,,
11/9/15 7:00 PM,47.0949246003612,,,
11/9/15 8:00 PM,25.1405738373048,,,
11/9/15 9:00 PM,33.7237176608834,,,
11/9/15 10:00 PM,23.366524961849,,,
11/9/15 11:00 PM,41.8510250362275,,,
11/10/15 12:00 AM,28.5659544859576,,,
11/10/15 1:00 AM,49.0104175758946,,,
11/10/15 2:00 AM,76.9532884755309,,,
11/10/15 3:00 AM,33.6411442884697,,,
11/10/15 4:00 AM,61.127699332244,,,
11/10/15 5:00 AM,61.8223398806988,,,
11/10/15 6:00 AM,22.6900290738104,,,
11/10/15 7:00 AM,52.4967528238073,,,
11/10/15 8:00 AM,26.9624123963551,,,
11/10/15 9:00 AM,55.9123659285489,,,
11/10/15 10:00 AM,38.8273656090377,,,
11/10/15 11:00 AM,51.1709924738549,,,
11/10/15 12:00 PM,38.9822495512158,,,
11/10/15 1:00 PM,36.4036322824232,,,
11/10/15 2:00 PM,45.5111354721927,,,
11/10/15 3:00 PM,35.4507642301335,,,
11/10/15 4:00 PM,12.7814655967171,,,
11/10/15 5:00 PM,34.5961441009642,,,
11/10/15 6:00 PM,19.8630001062318,,,
11/10/15 7:00 PM,61.4227243051546,,,
11/10/15 8:00 PM,37.8715416505379,,,
11/10/15 9:00 PM,44.7140294875449,,,
11/10/15 10:00 PM,52.4385457938893,,,
11/10/15 11:00 PM,21.8700344017488,,,
11/11/15 12:00 AM,42.7755271251871,,,
11/11/15 1:00 AM,37.0756599825952,,,
11/11/15 2:00 AM,55.922491025837,,,
11/11/15 3:00 AM,21.7253698625865,,,
11/11/15 4:00 AM,27.3832256009682,,,
11/11/15 5:00 AM,26.4744531411345,,,
11/11/15 6:00 AM,24.9922056702606,,,
11/11/15 7:00 AM,29.4202359675989,,,
11/11/15 8:00 AM,18.5931884965026,,,
11/11/15 9:00 AM,19.4010016178177,,,
11/11/15 10:00 AM,30.7976640098735,,,
11/11/15 11:00 AM,53.0052894844904,,,
11/11/15 12:00 PM,29.7851645256109,,,
11/11/15 1:00 PM,48.478283565796,,,
11/11/15 2:00 PM,41.0000630305174,,,
11/11/15 3:00 PM,55.98542639928,,,
11/11/15 4:00 PM,23.593106868404,,,
11/11/15 5:00 PM,16.9293966139661,,,
11/11/15 6:00 PM,26.1058089784318,,,
11/11/15 7:00 PM,27.2780992643155,,,
11/11/15 8:00 PM,35.966695685484,,,
11/11/15 9:00 PM,62.3210170200497,,,
11/11/15 10:00 PM,22.5510053321884,,,
11/11/15 11:00 PM,32.3264983053097,,,
11/12/15 12:00 AM,36.7684263201972,,,
11/12/15 1:00 AM,16.655779190241,,,
11/12/15 2:00 AM,50.9030353495656,,,
11/12/15 3:00 AM,32.7442332838009,,,
11/12/15 4:00 AM,43.4466110043982,,,
11/12/15 5:00 AM,12.8728822871088,,,
11/12/15 6:00 AM,43.6268206072411,,,
11/12/15 7:00 AM,17.9325637800004,,,
11/12/15 8:00 AM,46.4307823156083,,,
11/12/15 9:00 AM,47.5556297424382,,,
11/12/15 10:00 AM,23.1646276120997,,,
11/12/15 11:00 AM,36.3201663117922,,,
11/12/15 12:00 PM,41.8292772003862,,,
11/12/15 1:00 PM,65.0638113964461,,,
11/12/15 2:00 PM,53.9966690864958,,,
11/12/15 3:00 PM,53.0654902898551,,,
11/12/15 4:00 PM,36.0480122566601,,,
11/12/15 5:00 PM,23.1648218301171,,,
11/12/15 6:00 PM,38.6529086928336,,,
11/12/15 7:00 PM,48.0852668952419,,,
11/12/15 8:00 PM,39.5470299951255,,,
11/12/15 9:00 PM,36.2815820071541,,,
11/12/15 10:00 PM,22.3045802562913,,,
11/12/15 11:00 PM,39.0544966792838,,,
11/13/15 12:00 AM,62.4563749641142,,,
11/13/15 1:00 AM,21.058793957344,,,
11/13/15 2:00 AM,24.98670300649,,,
11/13/15 3:00 AM,47.3400368280258,,,
11/13/15 4:00 AM,42.1037098294195,,,
11/13/15 5:00 AM,46.2774212535381,,,
11/13/15 6:00 AM,41.3463599022667,,,
11/13/15 7:00 AM,8.19842132593776,,,
11/13/15 8:00 AM,49.8204802697249,,,
11/13/15 9:00 AM,52.6305201806101,,,
11/13/15 10:00 AM,14.3208463942967,,,
11/13/15 11:00 AM,29.4292100060186,,,
11/13/15 12:00 PM,46.6100701512098,,,
11/13/15 1:00 PM,27.7181581948155,,,
11/13/15 2:00 PM,43.6465907608905,,,
11/13/15 3:00 PM,58.2492766860819,,,
11/13/15 4:00 PM,37.9558104957658,,,
11/13/15 5:00 PM,53.1671412657979,,,
11/13/15 6:00 PM,17.0031797724172,,,
11/13/15 7:00 PM,36.9877674355918,,,
11/13/15 8:00 PM,69.4212889581963,,,
11/13/15 9:00 PM,42.2823801236238,,,
11/13/15 10:00 PM,60.2991826112524,,,
11/13/15 11:00 PM,77.3880364084538,,,
11/14/15 12:00 AM,38.1875138012407,,,
11/14/15 1:00 AM,73.9203638412202,,,
11/14/15 2:00 AM,23.427619520271,,,
11/14/15 3:00 AM,74.0497629038197,,,
11/14/15 4:00 AM,71.0258422592639,,,
11/14/15 5:00 AM,36.3109344646472,,,
11/14/15 6:00 AM,69.727846256861,,,
11/14/15 7:00 AM,47.3189113205799,,,
11/14/15 8:00 AM,54.5520087503459,,,
11/14/15 9:00 AM,22.0470662200826,,,
11/14/15 10:00 AM,33.2869395750528,,,
11/14/15 11:00 AM,44.8059014084291,,,
11/14/15 12:00 PM,30.9688652829982,,,
11/14/15 1:00 PM,32.250332022681,,,
11/14/15 2:00 PM,60.4495411078497,,,
11/14/15 3:00 PM,17.006484980486,,,
11/14/15 4:00 PM,42.8458013953143,,,
11/14/15 5:00 PM,47.5288521125691,,,
11/14/15 6:00 PM,39.7156874350428,,,
11/14/15 7:00 PM,23.9053508043079,,,
11/14/15 8:00 PM,60.468320688143,,,
11/14/15 9:00 PM,16.0161555564838,,,
11/14/15 10:00 PM,24.9139109243091,,,
11/14/15 11:00 PM,52.1272221909901,,,
11/15/15 12:00 AM,31.7719071454425,,,
11/15/15 1:00 AM,33.9928496672736,,,
11/15/15 2:00 AM,12.2827645968809,,,
11/15/15 3:00 AM,50.5960374049205,,,
11/15/15 4:00 AM,31.5420067501583,,,
11/15/15 5:00 AM,20.5143481417185,,,
11/15/15 6:00 AM,27.9902667455248,,,
11/15/15 7:00 AM,70.6635409623389,,,
11/15/15 8:00 AM,44.6749160612784,,,
11/15/15 9:00 AM,22.8214627969192,,,
11/15/15 10:00 AM,28.1717566189353,,,
11/15/15 11:00 AM,38.0605560146027,,,
11/15/15 12:00 PM,28.251189441118,,,
11/15/15 1:00 PM,20.6508030161812,,,
11/15/15 2:00 PM,42.0382806347934,,,
11/15/15 3:00 PM,33.6574994497408,,,
11/15/15 4:00 PM,24.6285368005864,,,
11/15/15 5:00 PM,62.7401691362794,,,
11/15/15 6:00 PM,37.2272802350665,,,
11/15/15 7:00 PM,66.8343717981696,,,
11/15/15 8:00 PM,54.8850938422759,,,
11/15/15 9:00 PM,38.7417538152305,,,
11/15/15 10:00 PM,52.5658606496165,,,
11/15/15 11:00 PM,42.0115794478842,,,
11/16/15 12:00 AM,1.88461851337579,,,
11/16/15 1:00 AM,33.6970091910315,,,
11/16/15 2:00 AM,35.136376184687,,,
11/16/15 3:00 AM,52.3429811043448,,,
11/16/15 4:00 AM,56.6991161459241,,,
11/16/15 5:00 AM,55.5634349970575,,,
11/16/15 6:00 AM,45.7583635903247,,,
11/16/15 7:00 AM,50.6596732633525,,,
11/16/15 8:00 AM,40.1695639334679,,,
11/16/15 9:00 AM,24.9792201645829,,,
11/16/15 10:00 AM,47.7965892957105,,,
11/16/15 11:00 AM,35.7269567608793,,,
11/16/15 12:00 PM,54.0289888495878,,,
11/16/15 1:00 PM,45.3419745965245,,,
11/16/15 2:00 PM,48.4763108754933,,,
11/16/15 3:00 PM,33.6405122556926,,,
11/16/15 4:00 PM,30.8648090173997,,,
11/16/15 5:00 PM,20.8442113975799,,,
11/16/15 6:00 PM,19.8039637894076,,,
11/16/15 7:00 PM,36.2645428825571,,,
11/16/15 8:00 PM,31.2918207700386,,,
11/16/15 9:00 PM,10.3589420022955,,,
11/16/15 10:00 PM,31.2719415585115,,,
11/16/15 11:00 PM,39.1439737040725,,,
11/17/15 12:00 AM,40.5998626588789,,,
11/17/15 1:00 AM,4.40423252729688,,,
11/17/15 2:00 AM,60.5322038499812,,,
11/17/15 3:00 AM,42.6547104612227,,,
11/17/15 4:00 AM,11.8658014613172,,,
11/17/15 5:00 AM,22.7988829919626,,,
11/17/15 6:00 AM,32.5249590187434,,,
11/17/15 7:00 AM,65.9575631871786,,,
11/17/15 8:00 AM,26.382528116235,,,
11/17/15 9:00 AM,33.0626556884152,,,
11/17/15 10:00 AM,18.3653851044633,,,
11/17/15 11:00 AM,59.4331344085822,,,
11/17/15 12:00 PM,38.7194531649135,,,
11/17/15 1:00 PM,70.619443972899,,,
11/17/15 2:00 PM,51.0699934051137,,,
11/17/15 3:00 PM,29.4890315209365,,,
11/17/15 4:00 PM,15.8086547179779,,,
11/17/15 5:00 PM,39.2236260389947,,,
11/17/15 6:00 PM,47.0802281805404,,,
11/17/15 7:00 PM,41.9805684910847,,,
11/17/15 8:00 PM,61.214360875646,,,
11/17/15 9:00 PM,23.8367422232978,,,
11/17/15 10:00 PM,35.2134130676929,,,
11/17/15 11:00 PM,66.174825162096,,,
11/18/15 12:00 AM,11.4727378521034,,,
11/18/15 1:00 AM,40.9447681532732,,,
11/18/15 2:00 AM,73.2979819319809,,,
11/18/15 3:00 AM,21.7051118076474,,,
11/18/15 4:00 AM,13.4452791990939,,,
11/18/15 5:00 AM,33.8556438673892,,,
11/18/15 6:00 AM,38.4252691018152,,,
11/18/15 7:00 AM,7.5641684806693,,,
11/18/15 8:00 AM,20.7927917350956,,,
11/18/15 9:00 AM,47.1268131238311,,,
11/18/15 10:00 AM,38.5572001884514,,,
11/18/15 11:00 AM,30.6197503966646,,,
11/18/15 12:00 PM,27.5484113309602,,,
11/18/15 1:00 PM,34.6975049699135,,,
11/18/15 2:00 PM,36.676698679812,,,
11/18/15 3:00 PM,30.0258061998494,,,
11/18/15 4:00 PM,44.2900009847479,,,
11/18/15 5:00 PM,31.4767139942947,,,
11/18/15 6:00 PM,16.5543291005855,,,
11/18/15 7:00 PM,28.4676368812794,,,
11/18/15 8:00 PM,60.756804851968,,,
11/18/15 9:00 PM,53.1563109896548,,,
11/18/15 10:00 PM,43.7361815560495,,,
11/18/15 11:00 PM,44.6782847296699,,,
11/19/15 12:00 AM,32.5001588102959,,,
11/19/15 1:00 AM,53.0967178722941,,,
11/19/15 2:00 AM,50.4501710684339,,,
11/19/15 3:00 AM,20.6718515218736,,,
11/19/15 4:00 AM,48.5009299789458,,,
11/19/15 5:00 AM,55.8720937879421,,,
11/19/15 6:00 AM,16.9555145507766,,,
11/19/15 7:00 AM,47.7820324438963,,,
11/19/15 8:00 AM,64.1821620499174,,,
11/19/15 9:00 AM,19.1237576983494,,,
11/19/15 10:00 AM,26.63004030639,,,
11/19/15 11:00 AM,24.6932635358197,,,
11/19/15 12:00 PM,14.8825758067048,,,
11/19/15 1:00 PM,54.7026328787784,,,
11/19/15 2:00 PM,28.045472122666,,,
11/19/15 3:00 PM,44.2374425941066,,,
11/19/15 4:00 PM,53.9894770407609,,,
11/19/15 5:00 PM,44.2085305031971,,,
11/19/15 6:00 PM,44.1456341894245,,,
11/19/15 7:00 PM,40.1741487788049,,,
11/19/15 8:00 PM,75.6997633140906,,,
11/19/15 9:00 PM,33.6885947284897,,,
11/19/15 10:00 PM,60.3150985794065,,,
11/19/15 11:00 PM,37.8116074269575,,,
11/20/15 12:00 AM,62.2162964792853,,,
11/20/15 1:00 AM,21.9235787650124,,,
11/20/15 2:00 AM,50.8568241274124,,,
11/20/15 3:00 AM,9.50652724507023,,,
11/20/15 4:00 AM,39.037832579676,,,
11/20/15 5:00 AM,47.3926752192794,,,
11/20/15 6:00 AM,39.7747913658886,,,
11/20/15 7:00 AM,48.8356342497416,,,
11/20/15 8:00 AM,46.2839579834307,,,
11/20/15 9:00 AM,48.8338733608272,,,
11/20/15 10:00 AM,41.3212192395253,,,
11/20/15 11:00 AM,49.1261661870983,,,
11/20/15 12:00 PM,26.0703065320738,,,
11/20/15 1:00 PM,37.3340129914652,,,
11/20/15 2:00 PM,44.0134028816313,,,
11/20/15 3:00 PM,63.0768570869848,,,
11/20/15 4:00 PM,44.0092885777305,,,
11/20/15 5:00 PM,53.7655173847773,,,
11/20/15 6:00 PM,6.90739372145779,,,
11/20/15 7:00 PM,51.6257646997413,,,
11/20/15 8:00 PM,64.8459688722656,,,
11/20/15 9:00 PM,23.7911884031496,,,
11/20/15 10:00 PM,41.5512525904255,,,
11/20/15 11:00 PM,45.0320327597311,,,
11/21/15 12:00 AM,30.7225901872945,,,
11/21/15 1:00 AM,37.643845155708,,,
11/21/15 2:00 AM,33.9786185921089,,,
11/21/15 3:00 AM,59.9755661831811,,,
11/21/15 4:00 AM,24.8219225322192,,,
11/21/15 5:00 AM,24.4264410604944,,,
11/21/15 6:00 AM,58.7681100495576,,,
11/21/15 7:00 AM,47.487387152588,,,
11/21/15 8:00 AM,41.0464815278309,,,
11/21/15 9:00 AM,32.0779897675985,,,
11/21/15 10:00 AM,61.3323842609546,,,
11/21/15 11:00 AM,33.7798779417247,,,
11/21/15 12:00 PM,68.860907001969,,,
11/21/15 1:00 PM,28.2286874015995,,,
11/21/15 2:00 PM,41.3920486710612,,,
11/21/15 3:00 PM,55.4938738406539,,,
11/21/15 4:00 PM,41.7416678127096,,,
11/21/15 5:00 PM,54.7439210551015,,,
11/21/15 6:00 PM,51.711642423407,,,
11/21/15 7:00 PM,21.7258790166582,,,
11/21/15 8:00 PM,45.5724603466965,,,
11/21/15 9:00 PM,29.9849893286471,,,
11/21/15 10:00 PM,31.9462140442003,,,
11/21/15 11:00 PM,74.1209351924618,,,
11/22/15 12:00 AM,39.7995804357176,,,
11/22/15 1:00 AM,28.9237037201015,,,
11/22/15 2:00 AM,34.1252303592137,,,
11/22/15 3:00 AM,47.2619095897592,,,
11/22/15 4:00 AM,31.9059874080163,,,
11/22/15 5:00 AM,53.2199951464774,,,
11/22/15 6:00 AM,26.9442128251577,,,
11/22/15 7:00 AM,54.1517301103552,,,
11/22/15 8:00 AM,31.5571266982498,,,
11/22/15 9:00 AM,47.1080367286611,,,
11/22/15 10:00 AM,16.9394180923004,,,
11/22/15 11:00 AM,56.8679223739418,,,
11/22/15 12:00 PM,56.9241400056295,,,
11/22/15 1:00 PM,7.14394091034074,,,
11/22/15 2:00 PM,49.9258677678643,,,
11/22/15 3:00 PM,58.9709996117907,,,
11/22/15 4:00 PM,34.2810846091677,,,
11/22/15 5:00 PM,42.6827897448266,,,
11/22/15 6:00 PM,36.8559114880639,,,
11/22/15 7:00 PM,22.5755099388391,,,
11/22/15 8:00 PM,43.1064070686906,,,
11/22/15 9:00 PM,57.4235481959775,,,
11/22/15 10:00 PM,60.9823114161829,,,
11/22/15 11:00 PM,19.184503252936,,,
11/23/15 12:00 AM,27.0311098627953,,,
11/23/15 1:00 AM,24.9850174429484,,,
11/23/15 2:00 AM,41.8597990265502,,,
11/23/15 3:00 AM,7.23071691329169,,,
11/23/15 4:00 AM,24.2257165253097,,,
11/23/15 5:00 AM,46.4537070079544,,,
11/23/15 6:00 AM,51.2301887360243,,,
11/23/15 7:00 AM,44.4426074706119,,,
11/23/15 8:00 AM,49.1159510122872,,,
11/23/15 9:00 AM,32.8659600175948,,,
11/23/15 10:00 AM,23.082459737551,,,
11/23/15 11:00 AM,34.7186274412476,,,
11/23/15 12:00 PM,66.16324291745,,,
11/23/15 1:00 PM,68.1777324318454,,,
11/23/15 2:00 PM,42.7312877178935,,,
11/23/15 3:00 PM,65.1602204230701,,,
11/23/15 4:00 PM,18.8559379627717,,,
11/23/15 5:00 PM,28.9383203814538,,,
11/23/15 6:00 PM,4.38846871863112,,,
11/23/15 7:00 PM,44.9760169084004,,,
11/23/15 8:00 PM,35.7227343676763,,,
11/23/15 9:00 PM,45.3471229292943,,,
11/23/15 10:00 PM,22.7813275607363,,,
11/23/15 11:00 PM,43.1147665645718,,,
11/24/15 12:00 AM,24.1841214223068,,,
11/24/15 1:00 AM,43.3562353277951,,,
11/24/15 2:00 AM,35.0893441879164,,,
11/24/15 3:00 AM,42.129950793947,,,
11/24/15 4:00 AM,65.0640610654117,,,
11/24/15 5:00 AM,31.0546516252893,,,
11/24/15 6:00 AM,43.1421066387925,,,
11/24/15 7:00 AM,33.9096212397878,,,
11/24/15 8:00 AM,25.1991641251039,,,
11/24/15 9:00 AM,26.9000954583791,,,
11/24/15 10:00 AM,54.8203990327818,,,
11/24/15 11:00 AM,36.7142446528705,,,
11/24/15 12:00 PM,58.6120624756558,,,
11/24/15 1:00 PM,48.9189510411168,,,
11/24/15 2:00 PM,55.1736127444343,,,
11/24/15 3:00 PM,34.7707659171499,,,
11/24/15 4:00 PM,4.59556035260792,,,
11/24/15 5:00 PM,17.7176821911721,,,
11/24/15 6:00 PM,63.6823875331334,,,
11/24/15 7:00 PM,16.4592041443253,,,
11/24/15 8:00 PM,39.1741667919812,,,
11/24/15 9:00 PM,5.54496170548803,,,
11/24/15 10:00 PM,51.4088893168399,,,
11/24/15 11:00 PM,71.2063960789441,,,
11/25/15 12:00 AM,20.6046070863454,,,
11/25/15 1:00 AM,45.903557642271,,,
11/25/15 2:00 AM,47.9960683917933,,,
11/25/15 3:00 AM,51.5157769335625,,,
11/25/15 4:00 AM,27.6439365510524,,,
11/25/15 5:00 AM,19.9504245704906,,,
11/25/15 6:00 AM,42.9346763014083,,,
11/25/15 7:00 AM,33.7589644033052,,,
11/25/15 8:00 AM,60.1982570238653,,,
11/25/15 9:00 AM,64.8226479580277,,,
11/25/15 10:00 AM,26.1609187646201,,,
11/25/15 11:00 AM,44.7292939769058,,,
11/25/15 12:00 PM,28.5030255200142,,,
11/25/15 1:00 PM,75.7717763262805,,,
11/25/15 2:00 PM,27.1120651366774,,,
11/25/15 3:00 PM,49.4031910967414,,,
11/25/15 4:00 PM,38.3978536090895,,,
11/25/15 5:00 PM,38.0918704894413,,,
11/25/15 6:00 PM,43.4855360613533,,,
11/25/15 7:00 PM,13.1708626633153,,,
11/25/15 8:00 PM,52.1376981733853,,,
11/25/15 9:00 PM,43.2048973964603,,,
11/25/15 10:00 PM,37.6604925101352,,,
11/25/15 11:00 PM,31.1976363751102,,,
11/26/15 12:00 AM,34.0740065911275,,,
11/26/15 1:00 AM,64.4033641341543,,,
11/26/15 2:00 AM,61.5752485738584,,,
11/26/15 3:00 AM,32.4261342902768,,,
11/26/15 4:00 AM,30.1682899539846,,,
11/26/15 5:00 AM,37.2278401462205,,,
11/26/15 6:00 AM,18.7003392491158,,,
11/26/15 7:00 AM,27.5736020243523,,,
11/26/15 8:00 AM,48.2177048635226,,,
11/26/15 9:00 AM,45.1730029469846,,,
11/26/15 10:00 AM,18.8900084633616,,,
11/26/15 11:00 AM,27.1416462338715,,,
11/26/15 12:00 PM,14.6358847823228,,,
11/26/15 1:00 PM,30.3642989233906,,,
11/26/15 2:00 PM,8.75347520413128,,,
11/26/15 3:00 PM,18.7684890978604,,,
11/26/15 4:00 PM,39.7354821197297,,,
11/26/15 5:00 PM,13.7302825260321,,,
11/26/15 6:00 PM,44.8248720216165,,,
11/26/15 7:00 PM,39.809993572463,,,
11/26/15 8:00 PM,28.5658751186446,,,
11/26/15 9:00 PM,43.6614768538743,,,
11/26/15 10:00 PM,55.9062709435974,,,
11/26/15 11:00 PM,31.1291813319458,,,
11/27/15 12:00 AM,19.962453347076,,,
11/27/15 1:00 AM,42.683700224438,,,
11/27/15 2:00 AM,59.0898574062799,,,
11/27/15 3:00 AM,23.640380655151,,,
11/27/15 4:00 AM,26.7856683567082,,,
11/27/15 5:00 AM,40.6400457277912,,,
11/27/15 6:00 AM,35.9188472354328,,,
11/27/15 7:00 AM,48.9293824131589,,,
11/27/15 8:00 AM,25.118401988905,,,
11/27/15 9:00 AM,34.9813624347634,,,
11/27/15 10:00 AM,8.63669677363673,,,
11/27/15 11:00 AM,59.9592672737957,,,
11/27/15 12:00 PM,18.6437661502138,,,
11/27/15 1:00 PM,17.1557561765608,,,
11/27/15 2:00 PM,5.50030597836059,,,
11/27/15 3:00 PM,14.5051972162639,,,
11/27/15 4:00 PM,24.8834303371103,,,
11/27/15 5:00 PM,54.7448781008435,,,
11/27/15 6:00 PM,55.7356155745347,,,
11/27/15 7:00 PM,32.256412944661,,,
11/27/15 8:00 PM,38.9560095738903,,,
11/27/15 9:00 PM,60.0209558670322,,,
11/27/15 10:00 PM,69.4254017719809,,,
11/27/15 11:00 PM,8.68808367219154,,,
11/28/15 12:00 AM,42.9702944366611,,,
11/28/15 1:00 AM,27.7275451444282,,,
11/28/15 2:00 AM,38.9628539941472,,,
11/28/15 3:00 AM,13.365611553228,,,
11/28/15 4:00 AM,31.8195583786175,,,
11/28/15 5:00 AM,33.103062721789,,,
11/28/15 6:00 AM,30.9249394520278,,,
11/28/15 7:00 AM,26.3082014379078,,,
11/28/15 8:00 AM,9.56570357693583,,,
11/28/15 9:00 AM,13.8307089244995,,,
11/28/15 10:00 AM,48.5270778112121,,,
11/28/15 11:00 AM,29.3412995589946,,,
11/28/15 12:00 PM,56.4024694236973,,,
11/28/15 1:00 PM,24.9854393693443,,,
11/28/15 2:00 PM,36.644183394851,,,
11/28/15 3:00 PM,26.098597579813,,,
11/28/15 4:00 PM,24.0202124983622,,,
11/28/15 5:00 PM,50.8317558470644,,,
11/28/15 6:00 PM,56.7709945074909,,,
11/28/15 7:00 PM,47.0234739766434,,,
11/28/15 8:00 PM,59.2803047778205,,,
11/28/15 9:00 PM,37.4531824623796,,,
11/28/15 10:00 PM,72.10266599838,,,
11/28/15 11:00 PM,30.3484829792851,,,
11/29/15 12:00 AM,53.8050469259866,,,
11/29/15 1:00 AM,22.4564371392118,,,
11/29/15 2:00 AM,60.5343832193979,,,
11/29/15 3:00 AM,16.0884903220095,,,
11/29/15 4:00 AM,36.3824370189137,,,
11/29/15 5:00 AM,59.2461211029069,,,
11/29/15 6:00 AM,45.0772137900643,,,
11/29/15 7:00 AM,45.1209412120655,,,
11/29/15 8:00 AM,38.2324334279433,,,
11/29/15 9:00 AM,19.4656176932983,,,
11/29/15 10:00 AM,38.2303669348272,,,
11/29/15 11:00 AM,18.6909317917792,,,
11/29/15 12:00 PM,20.7696360188625,,,
11/29/15 1:00 PM,61.1350545084475,,,
11/29/15 2:00 PM,27.9155170977204,,,
11/29/15 3:00 PM,30.5201605494198,,,
11/29/15 4:00 PM,28.8248456502854,,,
11/29/15 5:00 PM,69.5718548417127,,,
11/29/15 6:00 PM,37.3613976015331,,,
11/29/15 7:00 PM,38.2822748152508,,,
11/29/15 8:00 PM,46.3565864881081,,,
11/29/15 9:00 PM,24.056496808679,,,
11/29/15 10:00 PM,53.1981390164428,,,
11/29/15 11:00 PM,35.2527304163585,,,
11/30/15 12:00 AM,43.6075532374168,,,
11/30/15 1:00 AM,60.1748824095656,,,
11/30/15 2:00 AM,17.9355318120309,,,
11/30/15 3:00 AM,68.5176920071262,,,
11/30/15 4:00 AM,29.9627535728896,,,
11/30/15 5:00 AM,61.8621042828443,,,
11/30/15 6:00 AM,20.9899677634925,,,
11/30/15 7:00 AM,60.4102009045273,,,
11/30/15 8:00 AM,59.5745230018322,,,
11/30/15 9:00 AM,56.0187355063821,,,
11/30/15 10:00 AM,24.0714677824056,,,
11/30/15 11:00 AM,49.377007389928,,,
11/30/15 12:00 PM,38.4296950821411,,,
11/30/15 1:00 PM,26.2619281710423,,,
11/30/15 2:00 PM,66.2452335613057,,,
11/30/15 3:00 PM,32.9174810452321,,,
11/30/15 4:00 PM,25.1033625629664,,,
11/30/15 5:00 PM,27.7915810618011,,,
11/30/15 6:00 PM,46.1858047199405,,,
11/30/15 7:00 PM,33.1975810703795,,,
11/30/15 8:00 PM,45.2982590954527,,,
11/30/15 9:00 PM,15.820063438595,,,
11/30/15 10:00 PM,19.4946339247021,,,
11/30/15 11:00 PM,39.3505482118561,,,
12/1/15 12:00 AM,39.319313625871,,,
12/1/15 1:00 AM,2.47459751104041,,,
12/1/15 2:00 AM,41.5958526058344,,,
12/1/15 3:00 AM,15.0304806221234,,,
12/1/15 4:00 AM,71.0551914198749,,,
12/1/15 5:00 AM,52.0475008823152,,,
12/1/15 6:00 AM,72.8796177146805,,,
12/1/15 7:00 AM,37.0684710661043,,,
12/1/15 8:00 AM,34.2982349150581,,,
12/1/15 9:00 AM,41.5790460883728,,,
12/1/15 10:00 AM,40.6602731235899,,,
12/1/15 11:00 AM,61.6357439193121,,,
12/1/15 12:00 PM,43.4058534025669,,,
12/1/15 1:00 PM,18.5889306757874,,,
12/1/15 2:00 PM,47.898819982726,,,
12/1/15 3:00 PM,33.5265415952336,,,
12/1/15 4:00 PM,53.2971953834694,,,
12/1/15 5:00 PM,29.5701906240853,,,
12/1/15 6:00 PM,18.8130224491967,,,
12/1/15 7:00 PM,32.0327667346155,,,
12/1/15 8:00 PM,43.5808017777131,,,
12/1/15 9:00 PM,29.9279775209157,,,
12/1/15 10:00 PM,65.7258946386636,,,
12/1/15 11:00 PM,14.9976500844584,,,
12/2/15 12:00 AM,21.4676343019814,,,
12/2/15 1:00 AM,35.542968595937,,,
12/2/15 2:00 AM,67.4523110936612,,,
12/2/15 3:00 AM,57.5899350341151,,,
12/2/15 4:00 AM,35.1946724911906,,,
12/2/15 5:00 AM,46.1142695693825,,,
12/2/15 6:00 AM,35.049138916273,,,
12/2/15 7:00 AM,34.8558514950552,,,
12/2/15 8:00 AM,31.3698654558689,,,
12/2/15 9:00 AM,43.4405358566183,,,
12/2/15 10:00 AM,5.29233592089664,,,
12/2/15 11:00 AM,15.5888594524251,,,
12/2/15 12:00 PM,45.7246222563986,,,
12/2/15 1:00 PM,46.2925097415519,,,
12/2/15 2:00 PM,38.4833793859404,,,
12/2/15 3:00 PM,51.2870882821281,,,
12/2/15 4:00 PM,35.4193468813992,,,
12/2/15 5:00 PM,38.7176859430053,,,
12/2/15 6:00 PM,53.1841845068409,,,
12/2/15 7:00 PM,66.2450059833124,,,
12/2/15 8:00 PM,40.550694841337,,,
12/2/15 9:00 PM,57.0736482419353,,,
12/2/15 10:00 PM,49.2858852023726,,,
12/2/15 11:00 PM,22.8740425707277,,,
12/3/15 12:00 AM,46.2365850853313,,,
12/3/15 1:00 AM,77.1018257893879,,,
12/3/15 2:00 AM,49.7753512630727,,,
12/3/15 3:00 AM,71.1345304578706,,,
12/3/15 4:00 AM,58.4488596991417,,,
12/3/15 5:00 AM,58.5342999433239,,,
12/3/15 6:00 AM,28.5558590606079,,,
12/3/15 7:00 AM,39.0626619198947,,,
12/3/15 8:00 AM,16.6625192278596,,,
12/3/15 9:00 AM,27.0002779993339,,,
12/3/15 10:00 AM,44.2464932803772,,,
12/3/15 11:00 AM,72.9667722443937,,,
12/3/15 12:00 PM,31.4831050839573,,,
12/3/15 1:00 PM,66.8167306293836,,,
12/3/15 2:00 PM,42.936656237401,,,
12/3/15 3:00 PM,33.4013261269372,,,
12/3/15 4:00 PM,66.6814712378779,,,